{
  "dynamic_quantization": false,
  "quant_table": [
    {
      "input_tensor_qat_scale": [],
      "input_tensor_qat_zero": [],
      "layer_name": "Input0",
      "layer_type": "Input",
      "output_tensor_qat_scale": [
        0.3159950375556946
      ],
      "output_tensor_qat_zero": [
        253
      ],
      "weight_qat_scale": [],
      "weight_qat_zero": []
    },
    {
      "input_tensor_qat_scale": [
        0.3159950375556946
      ],
      "input_tensor_qat_zero": [
        253
      ],
      "layer_name": "ConvolutionReLU1",
      "layer_type": "ConvolutionReLU",
      "output_tensor_qat_scale": [
        0.03218293935060501
      ],
      "output_tensor_qat_zero": [
        0
      ],
      "weight_qat_scale": [
        0.0002502001589164138,
        0.0005328162806108594,
        0.00030633879941888154,
        0.00044432361028157175,
        0.0004349774681031704,
        0.002704074839130044,
        0.00039743370143696666,
        0.001165163004770875,
        0.0008767484105192125,
        0.0008827933925203979,
        0.0005477317026816308,
        0.00038416386814787984,
        0.000679009361192584,
        0.0006028204807080328,
        0.0005341148353181779,
        0.0007540400256402791
      ],
      "weight_qat_zero": [
        0,
        0,
        0,
        0,
        0,
        0,
        0,
        0,
        0,
        0,
        0,
        0,
        0,
        0,
        0,
        0
      ]
    },
    {
      "input_tensor_qat_scale": [
        0.03218293935060501
      ],
      "input_tensor_qat_zero": [
        0
      ],
      "layer_name": "Pooling2",
      "layer_type": "Pooling",
      "output_tensor_qat_scale": [
        0.03218293935060501
      ],
      "output_tensor_qat_zero": [
        0
      ],
      "weight_qat_scale": [],
      "weight_qat_zero": []
    },
    {
      "input_tensor_qat_scale": [
        0.03218293935060501
      ],
      "input_tensor_qat_zero": [
        0
      ],
      "layer_name": "ConvolutionReLU3",
      "layer_type": "ConvolutionReLU",
      "output_tensor_qat_scale": [
        0.03245806694030762
      ],
      "output_tensor_qat_zero": [
        0
      ],
      "weight_qat_scale": [
        0.004853012505918741,
        0.011615735478699207,
        0.011523444205522537,
        0.005544750485569239,
        0.004601712338626385,
        0.007287942338734865,
        0.010162834078073502,
        0.00527249975129962,
        0.010956089943647385,
        0.004209046717733145,
        0.008493704721331596,
        0.006767384707927704,
        0.005238587036728859,
        0.010755563154816628,
        0.0036626707296818495,
        0.012613462284207344,
        0.007957680150866508,
        0.010773446410894394,
        0.00594478752464056,
        0.006481837015599012,
        0.006702946033328772,
        0.005161096341907978,
        0.008777288720011711,
        0.01217767782509327,
        0.007396740838885307,
        0.007170184049755335,
        0.006543472874909639,
        0.0073671103455126286,
        0.007801440544426441,
        0.005122264381498098,
        0.004337085876613855,
        0.004570113029330969
      ],
      "weight_qat_zero": [
        0,
        0,
        0,
        0,
        0,
        0,
        0,
        0,
        0,
        0,
        0,
        0,
        0,
        0,
        0,
        0,
        0,
        0,
        0,
        0,
        0,
        0,
        0,
        0,
        0,
        0,
        0,
        0,
        0,
        0,
        0,
        0
      ]
    },
    {
      "input_tensor_qat_scale": [
        0.03245806694030762
      ],
      "input_tensor_qat_zero": [
        0
      ],
      "layer_name": "Pooling4",
      "layer_type": "Pooling",
      "output_tensor_qat_scale": [
        0.03245806694030762
      ],
      "output_tensor_qat_zero": [
        0
      ],
      "weight_qat_scale": [],
      "weight_qat_zero": []
    },
    {
      "input_tensor_qat_scale": [
        0.03245806694030762
      ],
      "input_tensor_qat_zero": [
        0
      ],
      "layer_name": "ConvolutionReLU5",
      "layer_type": "ConvolutionReLU",
      "output_tensor_qat_scale": [
        0.03096514195203781
      ],
      "output_tensor_qat_zero": [
        0
      ],
      "weight_qat_scale": [
        0.005613893736153841,
        0.003513654926791787,
        0.004516781307756901,
        0.004498505499213934,
        0.005901760887354612,
        0.0068672290071845055,
        0.004089662805199623,
        0.005845291540026665,
        0.00521067064255476,
        0.00471106544137001,
        0.0037543699145317078,
        0.006570653524249792,
        0.003979449160397053,
        0.006606056354939938,
        0.0060625323094427586,
        0.005012952722609043,
        0.004345559049397707,
        0.007551055401563644,
        0.005798725876957178,
        0.007020418532192707,
        0.006158702541142702,
        0.0054345508106052876,
        0.005309734493494034,
        0.005232418421655893,
        0.006478722207248211,
        0.004922353196889162,
        0.0045202444307506084,
        0.004896561149507761,
        0.005232062190771103,
        0.004229221027344465,
        0.0036115848924964666,
        0.006755793001502752,
        0.004642416723072529,
        0.004604800138622522,
        0.004376288969069719,
        0.0042473371140658855,
        0.006455457303673029,
        0.004009139258414507,
        0.005332919768989086,
        0.004399229772388935,
        0.005975922103971243,
        0.005968261975795031,
        0.004637413192540407,
        0.004495115950703621,
        0.003916430752724409,
        0.005006731022149324,
        0.006018356885761023,
        0.005278603173792362,
        0.005267054308205843,
        0.007488597184419632,
        0.005396304186433554,
        0.005408810451626778,
        0.004116087220609188,
        0.004331991542130709,
        0.0035097384825348854,
        0.0037078075110912323,
        0.0055677504278719425,
        0.0038065537810325623,
        0.005463084671646357,
        0.004537829197943211,
        0.005003149621188641,
        0.006215250585228205,
        0.007718512788414955,
        0.008526763878762722
      ],
      "weight_qat_zero": [
        0,
        0,
        0,
        0,
        0,
        0,
        0,
        0,
        0,
        0,
        0,
        0,
        0,
        0,
        0,
        0,
        0,
        0,
        0,
        0,
        0,
        0,
        0,
        0,
        0,
        0,
        0,
        0,
        0,
        0,
        0,
        0,
        0,
        0,
        0,
        0,
        0,
        0,
        0,
        0,
        0,
        0,
        0,
        0,
        0,
        0,
        0,
        0,
        0,
        0,
        0,
        0,
        0,
        0,
        0,
        0,
        0,
        0,
        0,
        0,
        0,
        0,
        0,
        0
      ]
    },
    {
      "input_tensor_qat_scale": [
        0.03096514195203781
      ],
      "input_tensor_qat_zero": [
        0
      ],
      "layer_name": "ConvolutionReLU6",
      "layer_type": "ConvolutionReLU",
      "output_tensor_qat_scale": [
        0.03270522505044937
      ],
      "output_tensor_qat_zero": [
        0
      ],